date,strategy_equity_usd,buy_hold_equity_usd
2024-01-01,10383.73316811,10383.73316811
2024-01-02,10567.73440971,10567.73440971
2024-01-03,10073.06951371,10073.06951371
2024-01-04,10383.49817291,10383.49817291
2024-01-05,10383.02818251,10383.02818251
2024-01-06,10339.55407051,10339.55407051
2024-01-07,10326.62933451,10326.62933451
2024-01-08,11043.59968971,11043.59968971
2024-01-09,10838.91887051,10838.91887051
2024-01-10,10969.81119691,10969.81119691
2024-01-11,10894.37773771,10894.37773771
2024-01-12,10052.62493131,10052.62493131
2024-01-13,10067.89961931,10067.89961931
2024-01-14,9802.82503371,9802.82503371
2024-01-15,9985.65129931,9985.65129931
2024-01-16,10135.57823691,10135.57823691
2024-01-17,10043.22512331,10043.22512331
2024-01-18,9701.30710731,9701.30710731
2024-01-19,9782.38045131,9782.38045131
2024-01-20,9792.95523531,9792.95523531
2024-01-21,9766.40077771,9766.40077771
2024-01-22,9288.89053131,9288.89053131
2024-01-23,9368.78889931,9368.78889931
2024-01-24,9417.19791051,9417.19791051
2024-01-25,9380.06866891,9380.06866891
2024-01-26,9827.02953931,9827.02953931
2024-01-27,9898.93807051,9898.93807051
2024-01-28,9875.90854091,9875.90854091
2024-01-29,10176.46740171,10176.46740171
2024-01-30,10092.10412491,10092.10412491
2024-01-31,10000.92598731,10000.92598731
2024-02-01,10121.47852491,10121.47852491
2024-02-02,10147.79798731,10147.79798731
2024-02-03,10103.38389451,10103.38389451
2024-02-04,10003.74592971,10003.74592971
2024-02-05,10024.66050251,10024.66050251
2024-02-06,10126.41342411,10126.41342411
2024-02-07,10421.09740491,10421.09740491
2024-02-08,10645.28282571,10645.28282571
2024-02-09,11082.60889291,11082.60889291
2024-02-10,11225.72096971,11225.72096971
2024-02-11,11353.32336331,11353.32336331
2024-02-12,11734.95556811,11734.95556811
2024-02-13,11683.96160971,11683.96160971
2024-02-14,12183.09141451,12183.09141451
2024-02-15,12206.12094411,12206.12094411
2024-02-16,12257.58489291,12257.58489291
2024-02-17,12140.79227851,12140.79227851
2024-02-18,12250.30004171,12250.30004171
2024-02-19,12170.16667851,12170.16667851
2024-02-20,12284.37434571,12284.37434571
2024-02-21,12182.85641931,12182.85641931
2024-02-22,12044.20925131,12044.20925131
2024-02-23,11924.36169931,11924.36169931
2024-02-24,12116.82276811,12116.82276811
2024-02-25,12154.42200011,12154.42200011
2024-02-26,12812.87855051,12812.87855051
2024-02-27,13410.70633931,13410.70633931
2024-02-28,14690.02020811,14690.02020811
2024-02-29,14372.54169291,14372.54169291
2024-03-01,14674.04053451,14674.04053451
2024-03-02,14579.57246411,14579.57246411
2024-03-03,14838.06718411,14838.06718411
2024-03-04,16064.03714251,16064.03714251
2024-03-05,14991.75404491,14991.75404491
2024-03-06,15537.88288971,15537.88288971
2024-03-07,15730.81394891,15730.81394891
2024-03-08,16046.64749771,16046.64749771
2024-03-09,16088.47664331,16088.47664331
2024-03-10,16220.77894091,16220.77894091
2024-03-11,16947.38409931,16947.38409931
2024-03-12,16795.81219531,16795.81219531
2024-03-13,17183.08428491,17183.08428491
2024-03-14,16771.84268491,16771.84268491
2024-03-15,16335.92658891,16335.92658891
2024-03-16,15332.96707531,15332.96707531
2024-03-17,16062.39217611,16062.39217611
2024-03-18,15888.73072331,15888.73072331
2024-03-19,14545.49816011,14545.49816011
2024-03-20,15949.59448011,15949.59448011
2024-03-21,15388.66093771,15388.66093771
2024-03-22,14994.33899211,14994.33899211
2024-03-23,15039.92806091,15039.92806091
2024-03-24,15788.85776331,15788.85776331
2024-03-25,16425.69475531,16425.69475531
2024-03-26,16448.95928011,16448.95928011
2024-03-27,16313.60204491,16313.60204491
2024-03-28,16638.36541131,16638.36541131
2024-03-29,16426.86973131,16426.86973131
2024-03-30,16358.72112331,16358.72112331
2024-03-31,16751.63309771,16751.63309771
2024-04-01,16378.93071051,16378.93071051
2024-04-02,15384.90101451,15384.90101451
2024-04-03,15506.86352331,15506.86352331
2024-04-04,16106.10128331,16106.10128331
2024-04-05,15946.06955211,15946.06955211
2024-04-06,16195.16446411,16195.16446411
2024-04-07,16298.79734731,16298.79734731
2024-04-08,16828.71152331,16828.71152331
2024-04-09,16246.39341771,16246.39341771
2024-04-10,16597.71124171,16597.71124171
2024-04-11,16453.18919371,16453.18919371
2024-04-12,15779.92794571,15779.92794571
2024-04-13,15052.38280651,15052.38280651
2024-04-14,15450.69967051,15450.69967051
2024-04-15,14907.62576331,14907.62576331
2024-04-16,14999.74388171,14999.74388171
2024-04-17,14400.03613131,14400.03613131
2024-04-18,14925.72039371,14925.72039371
2024-04-19,14997.62892491,14997.62892491
2024-04-20,15272.33831371,15272.33831371
2024-04-21,15262.93850571,15262.93850571
2024-04-22,15710.60436171,15710.60436171
2024-04-23,15608.61644491,15608.61644491
2024-04-24,15100.55682251,15100.55682251
2024-04-25,15155.54569931,15155.54569931
2024-04-26,14979.76928971,14979.76928971
2024-04-27,14905.51080651,14905.51080651
2024-04-28,14827.72739531,14827.72739531
2024-04-29,15000.21387211,15000.21387211
2024-04-30,14248.22923211,14248.22923211
2024-05-01,13689.88063691,13689.88063691
2024-05-02,13887.98159051,13887.98159051
2024-05-03,14784.72327371,14784.72327371
2024-05-04,15015.95855051,15015.95855051
2024-05-05,15044.62796491,15044.62796491
2024-05-06,14843.23707851,14843.23707851
2024-05-07,14644.90112971,14644.90112971
2024-05-08,14377.24159691,14377.24159691
2024-05-09,14822.32250571,14822.32250571
2024-05-10,14286.06345931,14286.06345931
2024-05-11,14291.46834891,14291.46834891
2024-05-12,14443.27524811,14443.27524811
2024-05-13,14789.18818251,14789.18818251
2024-05-14,14462.30985931,14462.30985931
2024-05-15,15566.55230411,15566.55230411
2024-05-16,15333.90705611,15333.90705611
2024-05-17,15757.13341131,15757.13341131
2024-05-18,15728.22900171,15728.22900171
2024-05-19,15574.30714571,15574.30714571
2024-05-20,16778.89254091,16778.89254091
2024-05-21,16481.62361291,16481.62361291
2024-05-22,16242.39849931,16242.39849931
2024-05-23,15966.74912971,15966.74912971
2024-05-24,16108.45123531,16108.45123531
2024-05-25,16279.29274571,16279.29274571
2024-05-26,16094.58651851,16094.58651851
2024-05-27,16306.78718411,16306.78718411
2024-05-28,16056.51729611,16056.51729611
2024-05-29,15877.21595851,15877.21595851
2024-05-30,16059.10224331,16059.10224331
2024-05-31,15856.77137611,15856.77137611
2024-06-01,15914.58019531,15914.58019531
2024-06-02,15921.39505611,15921.39505611
2024-06-03,16167.90502091,16167.90502091
2024-06-04,16582.20155851,16582.20155851
2024-06-05,16712.62389451,16712.62389451
2024-06-06,16631.78554571,16631.78554571
2024-06-07,16291.27750091,16291.27750091
2024-06-08,16286.57759691,16286.57759691
2024-06-09,16365.06599371,16365.06599371
2024-06-10,16332.40166091,16332.40166091
2024-06-11,15816.58719691,15816.58719691
2024-06-12,16036.77769931,16036.77769931
2024-06-13,15681.93494731,15681.93494731
2024-06-14,15508.74348491,15508.74348491
2024-06-15,15552.45259211,15552.45259211
2024-06-16,15655.85048011,15655.85048011
2024-06-17,15621.30618571,15621.30618571
2024-06-18,15308.76256971,15308.76256971
2024-06-19,15261.99852491,15261.99852491
2024-06-20,15238.26400971,15238.26400971
2024-06-21,15063.66257611,15063.66257611
2024-06-22,15094.44694731,15094.44694731
2024-06-23,14840.88712651,14840.88712651
2024-06-24,14158.93105611,14158.93105611
2024-06-25,14520.11867851,14520.11867851
2024-06-26,14289.35339211,14289.35339211
2024-06-27,14480.87448011,14480.87448011
2024-06-28,14173.73575371,14173.73575371
2024-06-29,14306.27304651,14306.27304651
2024-06-30,14728.55942091,14728.55942091
2024-07-01,14764.51368651,14764.51368651
2024-07-02,14577.45750731,14577.45750731
2024-07-03,14133.08158411,14133.08158411
2024-07-04,13405.30144971,13405.30144971
2024-07-05,13308.24843211,13308.24843211
2024-07-06,13688.70566091,13688.70566091
2024-07-07,13119.54728651,13119.54728651
2024-07-08,13326.57805771,13326.57805771
2024-07-09,13637.47670731,13637.47670731
2024-07-10,13566.97814731,13566.97814731
2024-07-11,13476.50499531,13476.50499531
2024-07-12,13603.63739851,13603.63739851
2024-07-13,13917.82598091,13917.82598091
2024-07-14,14293.11331531,14293.11331531
2024-07-15,15220.40437451,15220.40437451
2024-07-16,15293.72287691,15293.72287691
2024-07-17,15061.07762891,15061.07762891
2024-07-18,15031.23323851,15031.23323851
2024-07-19,15675.35508171,15675.35508171
2024-07-20,15781.10292171,15781.10292171
2024-07-21,16016.80310731,16016.80310731
2024-07-22,15876.74596811,15876.74596811
2024-07-23,15496.52373451,15496.52373451
2024-07-24,15363.04646091,15363.04646091
2024-07-25,15461.74444491,15461.74444491
2024-07-26,15961.10924491,15961.10924491
2024-07-27,15954.29438411,15954.29438411
2024-07-28,16041.71259851,16041.71259851
2024-07-29,15692.97972171,15692.97972171
2024-07-30,15549.86764491,15549.86764491
2024-07-31,15183.51012811,15183.51012811
2024-08-01,15343.54185931,15343.54185931
2024-08-02,14433.64044491,14433.64044491
2024-08-03,14257.62904011,14257.62904011
2024-08-04,13663.09118411,13663.09118411
2024-08-05,12693.03099851,12693.03099851
2024-08-06,13172.18621131,13172.18621131
2024-08-07,12956.69561291,12956.69561291
2024-08-08,14498.96911051,14498.96911051
2024-08-09,14301.80813771,14301.80813771
2024-08-10,14323.42769611,14323.42769611
2024-08-11,14220.44942493,13800.09338571
2024-08-12,14220.44942493,13949.78532811
2024-08-13,14220.44942493,14245.40928971
2024-08-14,14220.44942493,13793.51352011
2024-08-15,14220.44942493,13525.61899211
2024-08-16,14220.44942493,13837.22262731
2024-08-17,14220.44942493,13979.15972811
2024-08-18,14220.44942493,13730.76980171
2024-08-19,14220.44942493,13981.50968011
2024-08-20,14220.44942493,13867.53700811
2024-08-21,14220.44942493,14372.07170251
2024-08-22,14220.44942493,14189.71542731
2024-08-23,14220.44942493,15059.66765771
2024-08-24,14220.44942493,15080.58223051
2024-08-25,14220.44942493,15101.26180811
2024-08-26,14220.44942493,14769.91857611
2024-08-27,14220.44942493,13965.06001611
2024-08-28,14220.44942493,13872.47190731
2024-08-29,14220.44942493,13950.49031371
2024-08-30,14220.44942493,13891.27152331
2024-08-31,14220.44942493,13856.96222411
2024-09-01,14220.44942493,13467.57517771
2024-09-02,14220.44942493,13895.97142731
2024-09-03,14220.44942493,13510.57929931
2024-09-04,14220.44942493,13619.38207691
2024-09-05,14220.44942493,13196.86070731
2024-09-06,14220.44942493,12679.16628171
2024-09-07,14220.44942493,12724.28536011
2024-09-08,14220.44942493,12893.24690891
2024-09-09,14220.44942493,13408.59138251
2024-09-10,14220.44942493,13549.58850251
2024-09-11,14220.44942493,13475.09502411
2024-09-12,14220.44942493,13662.38619851
2024-09-13,14220.44942493,14227.78464971
2024-09-14,14220.44942493,14102.53220811
2024-09-15,14220.44942493,13895.26644171
2024-09-16,14220.44942493,13679.54084811
2024-09-17,14220.44942493,14173.97074891
2024-09-18,14220.44942493,14512.59883211
2024-09-19,14220.44942493,14790.59815371
2024-09-20,14220.44942493,14854.28185291
2024-09-21,14220.44942493,14890.23611851
2024-09-22,14220.44942493,14937.00016331
2024-09-23,14220.44942493,14881.07130571
2024-09-24,14220.44942493,15100.79181771
2024-09-25,14220.44942493,14839.24216011
2024-09-26,14220.44942493,15315.81242571
2024-09-27,14220.44942493,15458.21951691
2024-09-28,14220.44942493,15480.54406091
2024-09-29,14220.44942493,15415.92038091
2024-09-30,14220.44942493,14875.66641611
2024-10-01,14220.44942493,14289.35339211
2024-10-02,14220.44942493,14248.69922251
2024-10-03,14220.44942493,14274.78368971
2024-10-04,14220.44942493,14588.73727691
2024-10-05,14220.44942493,14584.50736331
2024-10-06,14220.44942493,14760.98875851
2024-10-07,14220.44942493,14619.52164811
2024-10-08,14220.44942493,14600.95702731
2024-10-09,14220.44942493,14236.47947211
2024-10-10,14220.44942493,14165.04093131
2024-10-11,14220.44942493,14675.92049611
2024-10-12,14220.44942493,14850.28693451
2024-10-13,14220.44942493,14769.21359051
2024-10-14,14220.44942493,15526.13312971
2024-10-15,14220.44942493,15759.01337291
2024-10-16,14220.44942493,15890.84568011
2024-10-17,14220.44942493,15836.79678411
2024-10-18,14220.44942493,16078.37184971
2024-10-19,14220.44942493,16064.03714251
2024-10-20,14220.44942493,16217.25401291
2024-10-21,14220.44942493,15824.57703371
2024-10-22,14220.44942493,15834.44683211
2024-10-23,14220.44942493,15650.91558091
2024-10-24,14220.44942493,16016.09812171
2024-10-25,14220.44942493,15645.51069131
2024-10-26,14220.44942493,15745.38365131
2024-10-27,14220.44942493,15965.10416331
2024-10-28,14220.44942493,16430.39465931
2024-10-29,14689.25882378,17090.96616651
2024-10-30,14608.87376480,16997.43807691
2024-10-31,14184.73149380,16503.94815691
2024-11-01,14035.06986389,16329.81671371
2024-11-02,14002.75426229,16292.21748171
2024-11-03,13883.18653637,16153.10032331
2024-11-04,13697.37182717,15936.90473931
2024-11-05,14014.06472285,16305.37721291
2024-11-06,15276.59488286,17774.33220811
2024-11-07,15333.95507570,17841.07084491
2024-11-08,15463.21748210,17991.46777291
2024-11-09,15495.73505621,18029.30200011
2024-11-10,16243.63926074,18899.48922571
2024-11-11,17929.09985669,20860.52416971
2024-11-12,17779.84217180,20686.86271691
2024-11-13,18282.75372170,21272.00076491
2024-11-14,17638.86535982,20522.83606731
2024-11-15,18393.63662969,21401.01312971
2024-11-16,18300.32533007,21292.44534731
2024-11-17,18149.45186510,21116.90393291
2024-11-18,18280.93596911,21269.88580811
2024-11-19,18667.10740823,21719.19663051
2024-11-20,19060.75183022,22177.20227531
2024-11-21,19884.39572600,23135.51270091
2024-11-22,19997.90427662,23267.58000331
2024-11-23,19747.86230924,22976.65594571
2024-11-24,19794.71993156,23031.17483211
2024-11-25,18790.51261184,21862.77869771
2024-11-26,18566.92904327,21602.63901131
2024-11-27,19384.91770877,22554.36957131
2024-11-28,19320.89242310,22479.87609291
2024-11-29,19694.74353911,22914.85220811
2024-11-30,19478.43098090,22663.17234891
2024-12-01,19650.10761440,22862.91826891
2024-12-02,19360.88298008,22526.40514251
2024-12-03,19374.41513825,22542.14982091
2024-12-04,19949.43087422,23211.18115531
2024-12-05,19602.84604706,22807.92939211
2024-12-06,20176.64994797,23475.55075531
2024-12-07,20182.91109578,23482.83560651
2024-12-08,20440.42604603,23782.45448651
2024-12-09,19685.85674867,22904.51241931
2024-12-10,19520.23929047,22711.81635531
2024-12-11,20439.82012850,23781.74950091
2024-12-12,20210.98527467,23515.49993931
2024-12-13,20487.08169584,23836.73837771
2024-12-14,20476.37715281,23824.28363211
2024-12-15,21091.38344576,24539.84401611
2024-12-16,21423.83019722,24926.64611531
2024-12-17,21446.85506336,24953.43556811
2024-12-18,20228.15293802,23535.47453131
2024-12-19,19667.07330524,22882.65786571
2024-12-20,19744.83272159,22973.13101771
2024-12-21,19633.94981360,22844.11865291
2024-12-22,19207.18189997,22347.57379531
2024-12-23,19136.89546649,22265.79546571
2024-12-24,19913.68173995,23169.58700491
2024-12-25,20070.81635273,23352.41327051
2024-12-26,19326.14370836,22485.98596811
2024-12-27,19019.34746567,22129.02825931
2024-12-28,19215.46277288,22357.20859851
2024-12-29,18895.94226206,21985.44619211
2024-12-30,18708.30980027,21767.13565131
2024-12-31,18860.39510030,21944.08703691
2025-01-01,19063.78141787,22180.72720331
2025-01-02,19572.55017056,22772.68011211
2025-01-03,19820.16846782,23060.78422731
2025-01-04,19835.51837858,23078.64386251
2025-01-05,19859.35113476,23106.37329611
2025-01-06,20657.74846679,24035.30932171
2025-01-07,19580.42709845,22781.84492491
2025-01-08,19200.51680714,22339.81895371
2025-01-09,18690.94016441,21746.92606411
2025-01-10,19127.20078601,22254.51569611
2025-01-11,19100.13646967,22223.02633931
2025-01-12,19085.79642146,22206.34168011
2025-01-13,19087.41220154,22208.22164171
2025-01-14,19494.99272672,22682.44195531
2025-01-15,20300.66106911,23619.83780811
2025-01-16,20192.20183124,23493.64538571
2025-01-17,21029.17591268,24467.46549451
2025-01-18,21093.20119835,24541.95897291
2025-01-19,20447.09113886,23790.20932811
2025-01-20,20629.67428790,24002.64498891
2025-01-21,21439.18010798,24944.50575051
2025-01-22,20930.81530031,24353.02283211
2025-01-23,20991.60902582,24423.75638731
2025-01-24,21177.82768004,24640.42196171
2025-01-25,21154.19689637,24612.92752331
2025-01-26,20716.92641222,24104.16291531
2025-01-27,20619.37368989,23990.66023371
2025-01-28,20458.19962691,23803.13406411
2025-01-29,20954.04213896,24380.04728011
2025-01-30,21154.19689637,24612.92752331
2025-01-31,20684.40883811,24066.32868811
2025-02-01,20326.10960537,23649.44720331
2025-02-02,19727.66505824,22953.15642571
2025-02-03,20491.52509106,23841.90827211
2025-02-04,19750.08400685,22979.24089291
2025-02-05,19513.37222513,22703.82651851
2025-02-06,19505.09135222,22694.19171531
2025-02-07,19497.41639684,22685.26189771
2025-02-08,19484.69212871,22670.45720011
2025-02-09,19485.70199126,22671.63217611
2025-02-10,19686.05872118,22904.74741451
2025-02-11,19339.67586653,22501.73064651
2025-02-12,19769.47336781,23001.80043211
2025-02-13,19515.99786776,22706.88145611
2025-02-14,19696.35931919,22916.73216971
2025-02-15,19710.69936740,22933.41682891
2025-02-16,19416.02147531,22590.55883211
2025-02-17,19343.31137171,22505.96056011
2025-02-18,19310.99577011,22468.36132811
2025-02-19,19519.02745541,22710.40638411
2025-02-20,19861.37085986,23108.72324811
2025-02-21,19415.81950280,22590.32383691
2025-02-22,19504.88937971,22693.95672011
2025-02-23,19442.27790161,22621.10820811
2025-02-24,18491.39132453,21514.75080651
2025-02-25,17889.91718975,20814.93510091
2025-02-26,16980.03103220,19756.28172491
2025-02-27,17094.75141788,19889.75899851
2025-02-28,17030.52415970,19815.03052491
2025-03-01,17376.30109682,20217.34230731
2025-03-02,19040.55457922,22153.70275531
2025-03-03,17401.95160559,20247.18669771
2025-03-04,17620.08191639,20500.98151371
2025-03-05,18300.93124760,21293.15033291
2025-03-06,18160.96429817,21130.29865931
2025-03-07,17522.93313908,20387.94882251
2025-03-08,17408.41472591,20254.70654411
2025-03-09,16300.79748107,18965.99286731
2025-03-10,15867.16250210,18461.45817291
2025-03-11,16737.26007518,19473.81749451
2025-03-12,16888.94143019,19650.29888971
2025-03-13,16375.72928228,19053.17608651
2025-03-14,16960.64167124,19733.72218571
2025-03-15,17035.77544496,19821.14040011
2025-03-16,16673.84070704,19400.02900171
2025-03-17,16977.40538957,19753.22678731
2025-03-18,16706.15630864,19437.62823371
2025-03-19,17544.94814267,20413.56329931
2025-03-20,16997.60264057,19776.72630731
2025-03-21,16978.01130710,19753.93177291
2025-03-22,16929.94184972,19698.00291531
2025-03-23,17386.60169483,20229.32706251
2025-03-24,17675.01843911,20564.90020811
2025-03-25,17659.66852835,20547.04057291
2025-03-26,17554.03690562,20424.13808331
2025-03-27,17615.84049368,20496.04661451
2025-03-28,17042.23856528,19828.66024651
2025-03-29,16684.54525007,19412.48374731
2025-03-30,16634.25409508,19353.96994251
2025-03-31,16670.40717437,19396.03408331
2025-04-01,17201.99882069,20014.54144971
2025-04-02,16663.13616401,19387.57425611
2025-04-03,16790.37884531,19535.62123211
2025-04-04,16935.59708000,19704.58278091
2025-04-05,16866.11853656,19623.74443211
2025-04-06,15822.93052241,18409.99422411
2025-04-07,15981.47894276,18594.46545611
2025-04-08,15871.10839944,17916.97429451
2025-04-09,15871.10839944,19409.42880971
2025-04-10,15871.10839944,18692.22345931
2025-04-11,15871.10839944,19594.84002251
2025-04-12,15871.10839944,20038.98095051
2025-04-13,15871.10839944,19671.91844811
2025-04-14,15871.10839944,19876.59926731
2025-04-15,15871.10839944,19665.80857291
2025-04-16,15871.10839944,19750.40684491
2025-04-17,15871.10839944,19963.78248651
2025-04-18,15871.10839944,19849.57481931
2025-04-19,15871.10839944,19990.80693451
2025-04-20,15871.10839944,20021.12131531
2025-04-21,15871.10839944,20563.25524171
2025-04-22,15871.10839944,21967.58655691
2025-04-23,15871.10839944,22026.10036171
2025-04-24,15871.10839944,22091.89901771
2025-04-25,15871.10839944,22260.15558091
2025-04-26,15871.10839944,22245.11588811
2025-04-27,15871.10839944,22035.26517451
2025-04-28,15871.10839944,22334.17906891
2025-04-29,15871.10839944,22156.52269771
2025-04-30,15871.10839944,22132.08319691
2025-05-01,15871.10839944,22685.26189771
2025-05-02,15871.10839944,22776.91002571
2025-05-03,15871.10839944,22539.79986891
2025-05-04,15871.10839944,22163.80754891
2025-05-05,15871.10839944,22259.92058571
2025-05-06,15871.10839944,22750.82555851
2025-05-07,15871.10839944,22807.22440651
2025-05-08,15871.10839944,24265.83961291
2025-05-09,15871.10839944,24202.39090891
2025-05-10,15871.10839944,24629.61218251
2025-05-11,15871.10839944,24469.81544651
2025-05-12,15871.10839944,24156.56684491
2025-05-13,15871.10839944,24471.22541771
2025-05-14,15871.10839944,24329.28831691
2025-05-15,15871.10839944,24390.85705931
2025-05-16,15871.10839944,24323.41343691
2025-05-17,15871.10839944,24240.46013131
2025-05-18,15871.10839944,25031.68896971
2025-05-19,15871.10839944,24820.66328011
2025-05-20,15871.10839944,25110.41236171
2025-05-21,15871.10839944,25774.74379211
2025-05-22,15871.10839944,26259.06889931
2025-05-23,15138.25593122,25221.80008651
2025-05-24,15204.54724102,25332.24783051
2025-05-25,15383.53377748,25630.45673931
2025-05-26,15439.95191348,25724.45481931
2025-05-27,15371.12178756,25609.77716171
2025-05-28,15206.23978510,25335.06777291
2025-05-29,14891.28554088,24810.32349131
2025-05-30,14673.51153592,24447.49090251
2025-05-31,14759.83128400,24591.30796491
2025-06-01,14909.19829906,24840.16788171
2025-06-02,14937.40736706,24887.16692171
2025-06-03,14873.79591872,24781.18408651
2025-06-04,14773.79477266,24614.57248971
2025-06-05,14324.42431942,23865.87778251
2025-06-06,14724.14681298,24531.85417931
2025-06-07,14897.06839982,24819.95829451
2025-06-08,14921.46924364,24860.61246411
2025-06-09,15558.28895374,25921.61579211
2025-06-10,15556.17327364,25918.09086411
2025-06-11,15328.52609488,25538.80861131
2025-06-12,14912.86547790,24846.27775691
2025-06-13,14967.45002448,24937.22089931
2025-06-14,14875.20637212,24783.53403851
2025-06-15,14896.78630914,24819.48830411
2025-06-16,15067.73326122,25104.30248651
2025-06-17,14751.08647292,24576.73826251
2025-06-18,14798.75979784,24656.16664011
2025-06-19,14765.75518828,24601.17776331
2025-06-20,14572.24098180,24278.76434891
2025-06-21,14406.23061662,24002.17499851
2025-06-22,14247.69565446,23738.04039371
2025-06-23,14875.20637212,24783.53403851
2025-06-24,14969.28361390,24940.27583691
2025-06-25,15150.80896648,25242.71465931
2025-06-26,15092.41619572,25145.42664651
2025-06-27,15105.95654836,25167.98618571
2025-06-28,15140.93579268,25226.26499531
2025-06-29,15287.05876492,25469.72002251
2025-06-30,15117.09913022,25186.55080651
2025-07-01,14909.76248042,24841.10786251
2025-07-02,15357.72248026,25587.45261771
2025-07-03,15465.34007468,25766.75395531
2025-07-04,15237.55185058,25387.23670731
2025-07-05,15266.74823596,25435.88071371
2025-07-06,15406.80625858,25669.23094731
2025-07-07,15273.37736694,25446.92548811
2025-07-08,15366.46729134,25602.02232011
2025-07-09,15696.51338694,26151.91108811
2025-07-10,16365.63247990,27266.72831691
2025-07-11,16583.97066622,27630.50088651
2025-07-12,16567.75045212,27603.47643851
2025-07-13,16803.43721526,27996.15341771
2025-07-14,16908.37494822,28170.98984651
2025-07-15,16610.76928082,27675.14997451
2025-07-16,16744.62130848,27898.16041931
2025-07-17,16823.18356286,28029.05274571
2025-07-18,16646.45375184,27734.60376011
2025-07-19,16631.50294580,27709.69426891
2025-07-20,16550.11978462,27574.10203851
2025-07-21,16563.94222794,27597.13156811
2025-07-22,16926.99293310,28202.00921291
2025-07-23,16758.02061578,27920.48496331
2025-07-24,16692.29348734,27810.97720011
2025-07-25,16594.40802138,27647.89053131
2025-07-26,16637.99103144,27720.50404811
2025-07-27,16850.54635882,28074.64181451
2025-07-28,16650.54406670,27741.41862091
2025-07-29,16632.91339920,27712.04422091
2025-07-30,16619.93722792,27690.42466251
2025-07-31,16325.99873936,27200.69466571
2025-08-01,15972.39807198,26611.56169931
2025-08-02,15870.70438184,26442.13016011
2025-08-03,16111.04564120,26842.56198091
2025-08-04,16227.40804670,27036.43302091
2025-08-05,16097.92842458,26820.70742731
2025-08-06,16224.44609456,27031.49812171
2025-08-07,16574.94376446,27615.46119371
2025-08-08,16456.46567886,27418.06522571
2025-08-09,16431.07751766,27375.76608971
2025-08-10,16828.12014976,28037.27757771
2025-08-11,16743.77503644,27896.75044811
2025-08-12,16940.53328574,28224.56875211
2025-08-13,17399.35377676,28989.00813771
2025-08-14,16698.92261832,27822.02197451
2025-08-15,16565.21163600,27599.24652491
2025-08-16,16567.18627076,27602.53645771
2025-08-17,16571.41763096,27609.58631371
2025-08-18,16398.63708946,27321.71719371
2025-08-19,15919.78816016,26523.90848971
2025-08-20,16116.26431878,26851.25680331
2025-08-21,15863.65211484,26430.38040011
2025-08-22,16486.93147230,27468.82418891
2025-08-23,16275.50450764,27116.56638411
2025-08-24,16005.54372688,26666.78557131
2025-08-25,15534.17020060,25881.43161291
2025-08-26,15767.17710228,26269.64368331
2025-08-27,15694.53875218,26148.62115531
2025-08-28,15879.02605690,26455.99487691
2025-08-29,15283.95576744,25464.55012811
2025-08-30,15349.54185054,25573.82289611
2025-08-31,15270.83855082,25442.69557451
2025-09-01,15408.35775732,25671.81589451
2025-09-02,15689.60216528,26140.39632331
2025-09-03,15763.08678742,26262.82882251
2025-09-04,15620.34890334,26025.01368011
2025-09-05,15609.34736682,26006.68405451
2025-09-06,15546.44114518,25901.87619531
2025-09-07,15676.34390332,26118.30677451
2025-09-08,15810.90115768,26342.49219531
2025-09-09,15730.92844990,26209.24991691
2025-09-10,16077.47685028,26786.63312331
2025-09-11,16295.39190058,27149.70070731
2025-09-12,16376.49297108,27284.82294731
2025-09-13,16358.58021290,27254.97855691
2025-09-14,16268.45224064,27104.81662411
2025-09-15,16274.79928094,27115.39140811
2025-09-16,16479.31502394,27456.13444811
2025-09-17,16428.53870154,27371.53617611
2025-09-18,16519.93608186,27523.81306571
2025-09-19,16319.22856304,27189.41489611
2025-09-20,16327.26814742,27202.80962251
2025-09-21,16261.39997364,27093.06686411
2025-09-22,15901.59331130,26493.59410891
2025-09-23,15800.60484786,26325.33754571
2025-09-24,15985.93842462,26634.12123851
2025-09-25,15376.90464650,25619.41196491
2025-09-26,15472.11025100,25778.03372491
2025-09-27,15469.71248022,25774.03880651
2025-09-28,15825.71091838,26367.16669131
2025-09-29,16132.62557822,26878.51624651
2025-09-30,16088.33734146,26804.72775371
2025-10-01,16737.56904148,27886.41065931
2025-10-02,17011.76118244,28343.24132811
2025-10-03,17250.97407908,28741.79318731
2025-10-04,17269.73310930,28773.04754891
2025-10-05,17421.77998582,29026.37237451
2025-10-06,17592.30380188,29310.48157131
2025-10-07,17122.19968366,28527.24256971
2025-10-08,17397.23809666,28985.48320971
2025-10-09,17164.51328566,28597.74112971
2025-10-10,15937.55987300,26553.51788491
2025-10-11,15622.74667412,26029.00859851
2025-10-12,16232.90881496,27045.59783371
2025-10-13,16257.59174946,27086.72199371
2025-10-14,15949.12559088,26572.78749131
2025-10-15,15628.38848772,26038.40840651
2025-10-16,15261.95269440,25427.89087691
2025-10-17,15017.94425620,25021.34918091
2025-10-18,15122.88198916,25196.18560971
2025-10-19,15329.37236692,25540.21858251
2025-10-20,15596.79433156,25985.76948171
2025-10-21,15285.36622084,25466.90008011
2025-10-22,15175.77399166,25284.30880971
2025-10-23,15530.64406710,25875.55673291
2025-10-24,15661.53414262,26093.63227851
2025-10-25,15750.25166148,26241.44425931
2025-10-26,16156.88537670,26918.93542091
2025-10-27,16093.41497370,26813.18758091
2025-10-28,15927.54565386,26536.83322571
2025-10-29,15520.34775728,25858.40208331
2025-10-30,15276.05722840,25451.39039691
2025-10-31,15452.08181272,25744.66440651
2025-11-01,15521.61716534,25860.51704011
2025-11-02,15589.74206456,25974.01972171
2025-11-03,15028.09952068,25038.26883531
2025-11-04,14311.30710280,23844.02322891
2025-11-05,14649.67487346,24407.77671371
2025-11-06,14285.63685092,23801.25410251
2025-11-07,14566.45812286,24269.12954571
2025-11-08,14426.96428160,24036.71929291
2025-11-09,14768.15295906,24605.17268171
2025-11-10,14946.85740484,24902.91160011
2025-11-11,14529.78633446,24208.03079371
2025-11-12,14335.14376526,23883.73741771
2025-11-13,14050.65531448,23409.75209931
2025-11-14,13330.05467242,22209.16162251
2025-11-15,13475.33137262,22451.20667851
2025-11-16,13284.63807294,22133.49316811
2025-11-17,13191.58525982,21643.52817611
2025-11-18,13191.58525982,21833.63929291
2025-11-19,13191.58525982,21495.95119051
2025-11-20,13191.58525982,20333.42993611
2025-11-21,13191.58525982,19988.69197771
2025-11-22,13191.58525982,19899.15880651
2025-11-23,13191.58525982,20398.28861131
2025-11-24,13191.58525982,20744.67153611
2025-11-25,13191.58525982,20522.36607691
2025-11-26,13191.58525982,21261.66097611
2025-11-27,13191.58525982,21460.93690571
2025-11-28,13191.58525982,21364.11888331
2025-11-29,13191.58525982,21345.08427211
2025-11-30,13191.58525982,21239.33643211
2025-12-01,13191.58525982,20277.97106891
2025-12-02,13191.58525982,21455.06202571
2025-12-03,13191.58525982,21965.47160011
2025-12-04,13191.58525982,21643.76317131
2025-12-05,13191.58525982,20996.35139531
2025-12-06,13191.58525982,20973.08687051
2025-12-07,13191.58525982,21244.74132171
2025-12-08,13191.58525982,21302.08015051
2025-12-09,13191.58525982,21782.88032971
2025-12-10,13191.58525982,21628.01849291
2025-12-11,13191.58525982,21744.34111691
2025-12-12,13191.58525982,21214.19194571
2025-12-13,13191.58525982,21211.60699851
2025-12-14,13191.58525982,20718.11707851
2025-12-15,13191.58525982,20306.40548811
2025-12-16,13191.58525982,20642.68361931
2025-12-17,13191.58525982,20260.11143371
2025-12-18,13191.58525982,20082.69005771
2025-12-19,13191.58525982,20701.90240971
2025-12-20,13191.58525982,20755.71631051
2025-12-21,13191.58525982,20829.03481291
2025-12-22,13191.58525982,20806.24027851
2025-12-23,13191.58525982,20543.98563531
2025-12-24,13191.58525982,20586.75476171
2025-12-25,13191.58525982,20485.00184011
2025-12-26,13191.58525982,20514.14124491
2025-12-27,13191.58525982,20634.92877771
2025-12-28,13191.58525982,20649.02848971
2025-12-29,13191.58525982,20472.54709451
2025-12-30,13191.58525982,20771.22599371
2025-12-31,13191.58525982,20561.14028491
2026-01-01,13191.58525982,20850.65437131
2026-01-02,13191.58525982,21138.28849611
2026-01-03,13191.58525982,21288.21543371
2026-01-04,13191.58525982,21502.29606091
2026-01-05,13191.58525982,22060.40966091
2026-01-06,13191.58525982,22021.87044811
2026-01-07,13191.58525982,21448.71715531
2026-01-08,13191.58525982,21391.84831691
2026-01-09,13191.58525982,21269.41581771
2026-01-10,13191.58525982,21239.33643211
2026-01-11,13191.58525982,21354.48408011
2026-01-12,13191.58525982,21430.38752971
2026-01-13,13191.58525982,22410.55250891
2026-01-14,13191.58525982,22780.90494411
2026-01-15,13191.58525982,22460.13649611
2026-01-16,13191.58525982,22446.97676491
2026-01-17,13191.58525982,22351.09872331
2026-01-18,13191.58525982,22004.01081291
2026-01-19,13191.58525982,21751.15597771
2026-01-20,13191.58525982,20753.83634891
2026-01-21,13191.58525982,21002.46127051
2026-01-22,13191.58525982,21023.61083851
2026-01-23,13191.58525982,21030.42569931
2026-01-24,13191.58525982,20935.48763851
2026-01-25,13191.58525982,20342.82974411
2026-01-26,13191.58525982,20737.62168011
2026-01-27,13191.58525982,20946.29741771
2026-01-28,13191.58525982,20954.05225931
2026-01-29,13191.58525982,19864.14452171
2026-01-30,13191.58525982,19770.14644171
2026-01-31,13191.58525982,18478.84781771
2026-02-01,13191.58525982,18068.31120331
2026-02-02,13191.58525982,18486.13266891
2026-02-03,13191.58525982,17780.20708811
2026-02-04,13191.58525982,17154.64986571
2026-02-05,13191.58525982,14756.52384971
2026-02-06,13191.58525982,16574.44671691
2026-02-07,13191.58525982,16272.47788491
2026-02-08,13191.58525982,16516.16790731
2026-02-09,13191.58525982,16471.75381451
2026-02-10,13191.58525982,16168.14001611
2026-02-11,13191.58525982,15757.13341131
2026-02-12,13191.58525982,15558.32747211
2026-02-13,13191.58525982,16170.48996811
2026-02-14,13191.58525982,16400.55026891
2026-02-15,13191.58525982,16165.79006411
2026-02-16,13191.58525982,16183.41470411
2026-02-17,13191.58525982,15854.65641931
2026-02-18,13191.58525982,15609.55642571
2026-02-19,13191.58525982,15738.33379531
2026-02-20,13191.58525982,15977.79390411
2026-02-21,13191.58525982,15971.68402891
2026-02-22,13191.58525982,15888.49572811
2026-02-23,13191.58525982,15187.74004171
2026-02-24,13191.58525982,15053.55778251
2026-02-25,13191.58525982,15978.26389451
2026-02-26,13191.58525982,15859.35632331
2026-02-27,13191.58525982,15478.66409931
2026-02-28,13191.58525982,15741.15373771
2026-03-01,13191.58525982,15455.86956491
2026-03-02,13191.58525982,16172.60492491
2026-03-03,13191.58525982,16058.63225291
2026-03-04,13191.58525982,17082.03634891
2026-03-05,13191.58525982,16660.21996491
2026-03-06,13191.58525982,16006.46331851
2026-03-07,13191.58525982,15807.89237451
2026-03-08,13191.58525982,15503.80858571
2026-03-09,13191.58525982,16086.12669131
2026-03-10,13191.58525982,16440.96944331
2026-03-11,13191.58525982,16495.72332491
2026-03-12,13191.58525982,16573.97672651
2026-03-13,13191.58525982,16672.67471051
2026-03-14,13191.58525982,16735.88841931
2026-03-15,13191.58525982,17114.93567691
2026-03-16,13191.58525982,17595.50086091
2026-03-17,13191.58525982,17372.72541131
2026-03-18,13191.58525982,16745.52322251
2026-03-19,13191.58525982,16431.09964491
2026-03-20,13191.58525982,16567.63185611
2026-03-21,13191.58525982,16193.51949771
2026-03-22,13191.58525982,15946.77453771
2026-03-23,13191.58525982,16657.16502731
2026-03-24,13191.58525982,16571.62677451
2026-03-25,13191.58525982,16755.39302091
2026-03-26,13191.58525982,16162.73512651
2026-03-27,13191.58525982,15594.04674251
2026-03-28,13191.58525982,15585.11692491
2026-03-29,13191.58525982,15498.87368651
2026-03-30,13191.58525982,15681.46495691
2026-03-31,13191.58525982,16030.19783371
2026-04-01,13191.58525982,16003.64337611
2026-04-02,13191.58525982,15718.82919371
2026-04-03,13191.58525982,15731.51893451
2026-04-04,13191.58525982,15812.82727371
2026-04-05,13191.58525982,16214.43407051
2026-04-06,13191.58525982,16181.06475211
2026-04-07,13191.58525982,16905.55495371
2026-04-08,13191.58525982,16710.50893771
2026-04-09,13191.58525982,16875.47556811
2026-04-10,13191.58525982,17149.94996171
2026-04-11,13191.58525982,17171.33452491
2026-04-12,13191.58525982,16624.97068491
2026-04-13,13191.58525982,17494.68792011
2026-04-14,13191.58525982,17432.88418251
2026-04-15,13191.58525982,17581.87113931
2026-04-16,13191.58525982,17666.46941131
2026-04-17,13191.58525982,18120.01014731
2026-04-18,13191.58525982,17797.83172811
2026-04-19,13191.58525982,17348.52090571
2026-04-20,13191.58525982,17829.08608971
2026-04-21,13191.58525982,17940.70880971
2026-04-22,13191.58525982,18378.50486731
2026-04-23,13191.58525982,18392.83957451
2026-04-24,13191.58525982,18204.13842891
2026-04-25,13191.58525982,18244.79259851
2026-04-26,13191.58525982,18484.72269771
2026-04-27,13191.58525982,18182.28387531
2026-04-28,13191.58525982,17935.53891531
2026-04-29,13191.58525982,17799.71168971
2026-04-30,13191.58525982,17932.48397771
2026-05-01,13191.58525982,18384.14475211
2026-05-02,13191.58525982,18491.77255371
2026-05-03,13191.58525982,18462.39815371
2026-05-04,13191.58525982,18762.95701451
2026-05-05,13191.58525982,19014.16688331
2026-05-06,13191.58525982,19139.65432011
2026-05-07,13191.58525982,18803.61118411
2026-05-08,13191.58525982,18846.38031051
2026-05-09,13191.58525982,18955.88807371
2026-05-10,13191.58525982,19314.96073931
2026-05-11,13191.58525982,19207.56793291
2026-05-12,13191.58525982,18914.99890891
2026-05-13,13191.58525982,18631.35970251
2026-05-14,13191.58525982,19052.23610571
2026-05-15,13191.58525982,18579.19076811
2026-05-16,13191.58525982,18357.35529931
2026-05-17,13191.58525982,18191.44868811
2026-05-18,13191.58525982,18082.64591051
2026-05-19,13191.58525982,18037.52683211
2026-05-20,13191.58525982,18205.19590731
